ISO31661A2CountryCode,CountryEnglishName,fr-fr,de-de,es-es,it-it,fi,nn-no,nb-no,sv-se,da-dk,zh,-plpl,ko,cs-cz,ja-jp,nl-nl,pt-pt
GP,Guadeloupe,Guadeloupe,Guadeloupe,Guadalupe,Guadalupa,Guadeloupe,Guadeloupe,Guadeloupe,Guadeloupe,Guadeloupe,瓜德罗普,Gwadelupa,과들루프,Guadeloupe,グアドループ,Guadeloupe,Guadalupe
TZ,"Tanzania, United Republic of",Tanzanie,Tansania,Tanzania,Tanzania,Tansania,Tanzania,Tanzania,Tanzania,Tanzania,坦桑尼亚,Tanzania,탄자니아,Tanzanie,タンザニア,Tanzania,Tanzânia
SA,Saudi Arabia,Arabie saoudite,Saudi-Arabien,Arabia Saudí,Arabia Saudita,Saudi-Arabia,Saudi-Arabia,Saudi-Arabia,Saudiarabien,Saudi-Arabien,沙特阿拉伯,Arabia Saudyjska,사우디아라비아,Saúdská Arábie,サウジアラビア,Saoedi-Arabië,Arábia Saudita
MZ,Mozambique,Mozambique,Mosambik,Mozambique,Mozambico,Mosambik,Mosambik,Mosambik,Moçambique,Mozambique,莫桑比克,Mozambik,모잠비크,Mosambik,モザンビーク,Mozambique,Moçambique
VU,Vanuatu,Vanuatu,Vanuatu,Vanuatu,Vanuatu,Vanuatu,Vanuatu,Vanuatu,Vanuatu,Vanuatu,瓦努阿图,Vanuatu,바누아투,Vanuatu,バヌアツ,Vanuatu,Vanuatu
LV,Latvia,Lettonie,Lettland,Letonia,Lettonia,Latvia,Latvia,Latvia,Lettland,Letland,拉脱维亚,Łotwa,라트비아,Lotyšsko,ラトビア,Letland,Letónia
BV,Bouvet Island,Île Bouvet,Bouvetinsel,Isla Bouvet,Isola Bouvet,Bouvet’nsaari,Bouvetøya,Bouvetøya,Bouvetön,Bouvetøen,布韦岛,Wyspa Bouveta,부베섬,Bouvetův ostrov,ブーベ島,Bouveteiland,Ilha Bouvet
SM,San Marino,Saint-Marin,San Marino,San Marino,San Marino,San Marino,San Marino,San Marino,San Marino,San Marino,圣马力诺,San Marino,산마리노,San Marino,サンマリノ,San Marino,São Marinho
FM,Micronesia (Federated States of),États fédérés de Micronésie,Mikronesien,Micronesia,Micronesia,Mikronesian liittovaltio,Mikronesiaføderasjonen,Mikronesiaføderasjonen,Mikronesien,Mikronesien,密克罗尼西亚,Mikronezja,미크로네시아,Mikronésie,ミクロネシア連邦,Micronesia,Micronésia
PF,French Polynesia,Polynésie française,Französisch-Polynesien,Polinesia Francesa,Polinesia francese,Ranskan Polynesia,Fransk Polynesia,Fransk Polynesia,Franska Polynesien,Fransk Polynesien,法属波利尼西亚,Polinezja Francuska,프랑스령 폴리네시아,Francouzská Polynésie,仏領ポリネシア,Frans-Polynesië,Polinésia Francesa
MA,Morocco,Maroc,Marokko,Marruecos,Marocco,Marokko,Marokko,Marokko,Marocko,Marokko,摩洛哥,Maroko,모로코,Maroko,モロッコ,Marokko,Marrocos
PK,Pakistan,Pakistan,Pakistan,Pakistán,Pakistan,Pakistan,Pakistan,Pakistan,Pakistan,Pakistan,巴基斯坦,Pakistan,파키스탄,Pákistán,パキスタン,Pakistan,Paquistão
JO,Jordan,Jordanie,Jordanien,Jordania,Giordania,Jordania,Jordan,Jordan,Jordanien,Jordan,约旦,Jordania,요르단,Jordánsko,ヨルダン,Jordanië,Jordânia
SY,Syrian Arab Republic,Syrie,Syrien,Siria,Siria,Syyria,Syria,Syria,Syrien,Syrien,叙利亚,Syria,시리아,Sýrie,シリア,Syrië,Síria
RS,Serbia,Serbie,Serbien,Serbia,Serbia,Serbia,Serbia,Serbia,Serbien,Serbien,塞尔维亚,Serbia,세르비아,Srbsko,セルビア,Servië,Sérvia
TL,Timor-Leste,Timor oriental,Timor-Leste,Timor-Leste,Timor Est,Itä-Timor,Timor-Leste (Aust-Timor),Øst-Timor,Östtimor,Timor-Leste,东帝汶,Timor Wschodni,동티모르,Východní Timor,東ティモール,Oost-Timor,Timor-Leste
AW,Aruba,Aruba,Aruba,Aruba,Aruba,Aruba,Aruba,Aruba,Aruba,Aruba,阿鲁巴,Aruba,아루바,Aruba,アルバ,Aruba,Aruba
SR,Suriname,Suriname,Suriname,Surinam,Suriname,Suriname,Surinam,Surinam,Surinam,Surinam,苏里南,Surinam,수리남,Surinam,スリナム,Suriname,Suriname
GI,Gibraltar,Gibraltar,Gibraltar,Gibraltar,Gibilterra,Gibraltar,Gibraltar,Gibraltar,Gibraltar,Gibraltar,直布罗陀,Gibraltar,지브롤터,Gibraltar,ジブラルタル,Gibraltar,Gibraltar
FI,Finland,Finlande,Finnland,Finlandia,Finlandia,Suomi,Finland,Finland,Finland,Finland,芬兰,Finlandia,핀란드,Finsko,フィンランド,Finland,Finlândia
BR,Brazil,Brésil,Brasilien,Brasil,Brasile,Brasilia,Brasil,Brasil,Brasilien,Brasilien,巴西,Brazylia,브라질,Brazílie,ブラジル,Brazilië,Brasil
ML,Mali,Mali,Mali,Mali,Mali,Mali,Mali,Mali,Mali,Mali,马里,Mali,말리,Mali,マリ,Mali,Mali
TR,Turkey,Turquie,Türkei,Turquía,Turchia,Turkki,Tyrkia,Tyrkia,Turkiet,Tyrkiet,土耳其,Turcja,터키,Turecko,トルコ,Turkije,Turquia
SE,Sweden,Suède,Schweden,Suecia,Svezia,Ruotsi,Sverige,Sverige,Sverige,Sverige,瑞典,Szwecja,스웨덴,Švédsko,スウェーデン,Zweden,Suécia
TC,Turks and Caicos Islands,Îles Turques-et-Caïques,Turks- und Caicosinseln,Islas Turcas y Caicos,Isole Turks e Caicos,Turks- ja Caicossaaret,Turks- og Caicosøyane,Turks- og Caicosøyene,Turks- och Caicosöarna,Turks- og Caicosøerne,特克斯和凯科斯群岛,Turks i Caicos,터크스 케이커스 제도,Turks a Caicos,タークス・カイコス諸島,Turks- en Caicoseilanden,Ilhas Turcas e Caicos
RE,Réunion,La Réunion,Réunion,Reunión,Riunione,Réunion,Réunion,Réunion,Réunion,Réunion,留尼汪,Reunion,리유니온,Réunion,レユニオン,Réunion,Reunião
CI,Côte d'Ivoire,Côte d’Ivoire,Côte d’Ivoire,Côte d’Ivoire,Costa d’Avorio,Norsunluurannikko,Elfenbeinskysten,Elfenbenskysten,Côte d’Ivoire,Elfenbenskysten,科特迪瓦,Côte d’Ivoire,코트디부아르,Pobřeží slonoviny,コートジボワール,Ivoorkust,Côte d’Ivoire (Costa do Marfim)
IL,Israel,Israël,Israel,Israel,Israele,Israel,Israel,Israel,Israel,Israel,以色列,Izrael,이스라엘,Izrael,イスラエル,Israël,Israel
NE,Niger,Niger,Niger,Níger,Niger,Niger,Niger,Niger,Niger,Niger,尼日尔,Niger,니제르,Niger,ニジェール,Niger,Níger
CR,Costa Rica,Costa Rica,Costa Rica,Costa Rica,Costa Rica,Costa Rica,Costa Rica,Costa Rica,Costa Rica,Costa Rica,哥斯达黎加,Kostaryka,코스타리카,Kostarika,コスタリカ,Costa Rica,Costa Rica
GD,Grenada,Grenade,Grenada,Granada,Grenada,Grenada,Grenada,Grenada,Grenada,Grenada,格林纳达,Grenada,그레나다,Grenada,グレナダ,Grenada,Granada
CH,Switzerland,Suisse,Schweiz,Suiza,Svizzera,Sveitsi,Sveits,Sveits,Schweiz,Schweiz,瑞士,Szwajcaria,스위스,Švýcarsko,スイス,Zwitserland,Suíça
NC,New Caledonia,Nouvelle-Calédonie,Neukaledonien,Nueva Caledonia,Nuova Caledonia,Uusi-Kaledonia,Ny-Caledonia,Ny-Caledonia,Nya Kaledonien,Ny Kaledonien,新喀里多尼亚,Nowa Kaledonia,뉴칼레도니아,Nová Kaledonie,ニューカレドニア,Nieuw-Caledonië,Nova Caledónia
IM,Isle of Man,Île de Man,Isle of Man,Isla de Man,Isola di Man,Mansaari,Man,Man,Isle of Man,Isle of Man,马恩岛,Wyspa Man,맨 섬,Ostrov Man,マン島,Isle of Man,Ilha de Man
PE,Peru,Pérou,Peru,Perú,Perù,Peru,Peru,Peru,Peru,Peru,秘鲁,Peru,페루,Peru,ペルー,Peru,Peru
MU,Mauritius,Maurice,Mauritius,Mauricio,Mauritius,Mauritius,Mauritius,Mauritius,Mauritius,Mauritius,毛里求斯,Mauritius,모리셔스,Mauricius,モーリシャス,Mauritius,Maurícia
TT,Trinidad and Tobago,Trinité-et-Tobago,Trinidad und Tobago,Trinidad y Tobago,Trinidad e Tobago,Trinidad ja Tobago,Trinidad og Tobago,Trinidad og Tobago,Trinidad och Tobago,Trinidad og Tobago,特立尼达和多巴哥,Trynidad i Tobago,트리니다드 토바고,Trinidad a Tobago,トリニダード・トバゴ,Trinidad en Tobago,Trindade e Tobago
CO,Colombia,Colombie,Kolumbien,Colombia,Colombia,Kolumbia,Colombia,Colombia,Colombia,Colombia,哥伦比亚,Kolumbia,콜롬비아,Kolumbie,コロンビア,Colombia,Colômbia
DZ,Algeria,Algérie,Algerien,Argelia,Algeria,Algeria,Algerie,Algerie,Algeriet,Algeriet,阿尔及利亚,Algieria,알제리,Alžírsko,アルジェリア,Algerije,Argélia
BO,Bolivia,Bolivie,Bolivien,Bolivia,Bolivia,Bolivia,Bolivia,Bolivia,Bolivia,Bolivia,玻利维亚,Boliwia,볼리비아,Bolívie,ボリビア,Bolivia,Bolívia
NR,Nauru,Nauru,Nauru,Nauru,Nauru,Nauru,Nauru,Nauru,Nauru,Nauru,瑙鲁,Nauru,나우루,Nauru,ナウル,Nauru,Nauru
IT,Italy,Italie,Italien,Italia,Italia,Italia,Italia,Italia,Italien,Italien,意大利,Włochy,이탈리아,Itálie,イタリア,Italië,Itália
KH,Cambodia,Cambodge,Kambodscha,Camboya,Cambogia,Kambodža,Kambodsja,Kambodsja,Kambodja,Cambodja,柬埔寨,Kambodża,캄보디아,Kambodža,カンボジア,Cambodja,Camboja
KN,Saint Kitts and Nevis,Saint-Christophe-et-Niévès,St. Kitts und Nevis,San Cristóbal y Nieves,Saint Kitts e Nevis,Saint Kitts ja Nevis,Saint Kitts og Nevis,Saint Kitts og Nevis,S:t Kitts och Nevis,Saint Kitts og Nevis,圣基茨和尼维斯,Saint Kitts i Nevis,세인트키츠 네비스,Svatý Kryštof a Nevis,セントクリストファー・ネーヴィス,Saint Kitts en Nevis,São Cristóvão e Neves
FR,France,France,Frankreich,Francia,Francia,Ranska,Frankrike,Frankrike,Frankrike,Frankrig,法国,Francja,프랑스,Francie,フランス,Frankrijk,França
SI,Slovenia,Slovénie,Slowenien,Eslovenia,Slovenia,Slovenia,Slovenia,Slovenia,Slovenien,Slovenien,斯洛文尼亚,Słowenia,슬로베니아,Slovinsko,スロベニア,Slovenië,Eslovénia
AG,Antigua and Barbuda,Antigua-et-Barbuda,Antigua und Barbuda,Antigua y Barbuda,Antigua e Barbuda,Antigua ja Barbuda,Antigua og Barbuda,Antigua og Barbuda,Antigua och Barbuda,Antigua og Barbuda,安提瓜和巴布达,Antigua i Barbuda,앤티가 바부다,Antigua a Barbuda,アンティグア・バーブーダ,Antigua en Barbuda,Antígua e Barbuda
UY,Uruguay,Uruguay,Uruguay,Uruguay,Uruguay,Uruguay,Uruguay,Uruguay,Uruguay,Uruguay,乌拉圭,Urugwaj,우루과이,Uruguay,ウルグアイ,Uruguay,Uruguai
TF,French Southern Territories,Terres australes françaises,Französische Süd- und Antarktisgebiete,Territorios Australes Franceses,Terre australi francesi,Ranskan eteläiset alueet,Dei franske sørterritoria,De franske sørterritorier,Franska sydterritorierna,De Franske Besiddelser i Det Sydlige Indiske Ocean og Antarktis,法属南部领地,Francuskie Terytoria Południowe i Antarktyczne,프랑스 남부 지방,Francouzská jižní území,仏領極南諸島,Franse Gebieden in de zuidelijke Indische Oceaan,Territórios Austrais Franceses
KR,Korea (Republic of),Corée du Sud,Südkorea,Corea del Sur,Corea del Sud,Etelä-Korea,Sør-Korea,Sør-Korea,Sydkorea,Sydkorea,韩国,Korea Południowa,대한민국,Jižní Korea,韓国,Zuid-Korea,Coreia do Sul
VC,Saint Vincent and the Grenadines,Saint-Vincent-et-les-Grenadines,St. Vincent und die Grenadinen,San Vicente y las Granadinas,Saint Vincent e Grenadine,Saint Vincent ja Grenadiinit,St. Vincent og Grenadinane,St. Vincent og Grenadinene,S:t Vincent och Grenadinerna,Saint Vincent og Grenadinerne,圣文森特和格林纳丁斯,Saint Vincent i Grenadyny,세인트빈센트그레나딘,Svatý Vincenc a Grenadiny,セントビンセント及びグレナディーン諸島,Saint Vincent en de Grenadines,São Vicente e Granadinas
PH,Philippines,Philippines,Philippinen,Filipinas,Filippine,Filippiinit,Filippinane,Filippinene,Filippinerna,Filippinerne,菲律宾,Filipiny,필리핀,Filipíny,フィリピン,Filipijnen,Filipinas
GR,Greece,Grèce,Griechenland,Grecia,Grecia,Kreikka,Hellas,Hellas,Grekland,Grækenland,希腊,Grecja,그리스,Řecko,ギリシャ,Griekenland,Grécia
GF,French Guiana,Guyane française,Französisch-Guayana,Guayana Francesa,Guyana francese,Ranskan Guayana,Fransk Guyana,Fransk Guyana,Franska Guyana,Fransk Guyana,法属圭亚那,Gujana Francuska,프랑스령 기아나,Francouzská Guyana,仏領ギアナ,Frans-Guyana,Guiana Francesa
CK,Cook Islands,Îles Cook,Cookinseln,Islas Cook,Isole Cook,Cookinsaaret,Cookøyane,Cookøyene,Cooköarna,Cookøerne,库克群岛,Wyspy Cooka,쿡 제도,Cookovy ostrovy,クック諸島,Cookeilanden,Ilhas Cook
SB,Solomon Islands,Îles Salomon,Salomonen,Islas Salomón,Isole Salomone,Salomonsaaret,Salomonøyane,Salomonøyene,Salomonöarna,Salomonøerne,所罗门群岛,Wyspy Salomona,솔로몬 제도,Šalamounovy ostrovy,ソロモン諸島,Salomonseilanden,Ilhas Salomão
UA,Ukraine,Ukraine,Ukraine,Ucrania,Ucraina,Ukraina,Ukraina,Ukraina,Ukraina,Ukraine,乌克兰,Ukraina,우크라이나,Ukrajina,ウクライナ,Oekraïne,Ucrânia
SL,Sierra Leone,Sierra Leone,Sierra Leone,Sierra Leona,Sierra Leone,Sierra Leone,Sierra Leone,Sierra Leone,Sierra Leone,Sierra Leone,塞拉利昂,Sierra Leone,시에라리온,Sierra Leone,シエラレオネ,Sierra Leone,Serra Leoa
TO,Tonga,Tonga,Tonga,Tonga,Tonga,Tonga,Tonga,Tonga,Tonga,Tonga,汤加,Tonga,통가,Tonga,トンガ,Tonga,Tonga
EG,Egypt,Égypte,Ägypten,Egipto,Egitto,Egypti,Egypt,Egypt,Egypten,Egypten,埃及,Egipt,이집트,Egypt,エジプト,Egypte,Egito
CM,Cameroon,Cameroun,Kamerun,Camerún,Camerun,Kamerun,Kamerun,Kamerun,Kamerun,Cameroun,喀麦隆,Kamerun,카메룬,Kamerun,カメルーン,Kameroen,Camarões
CV,Cabo Verde,Cap-Vert,Cabo Verde,Cabo Verde,Capo Verde,Kap Verde,Kapp Verde,Kapp Verde,Kap Verde,Kap Verde,佛得角,Republika Zielonego Przylądka,카보베르데,Kapverdy,カーボベルデ,Kaapverdië,Cabo Verde
SZ,Eswatini,Eswatini,Eswatini,Esuatini,Swaziland,Swazimaa,Swaziland,Eswatini,Swaziland,Eswatini,斯威士兰,Eswatini,에스와티니,Svazijsko,エスワティニ,eSwatini,Essuatíni
KP,Korea (Democratic People's Republic of),Corée du Nord,Nordkorea,Corea del Norte,Corea del Nord,Pohjois-Korea,Nord-Korea,Nord-Korea,Nordkorea,Nordkorea,朝鲜,Korea Północna,북한,Severní Korea,北朝鮮,Noord-Korea,Coreia do Norte
IR,Iran,Iran,Iran,Irán,Iran,Iran,Iran,Iran,Iran,Iran,伊朗,Iran,이란,Írán,イラン,Iran,Irão
ER,Eritrea,Érythrée,Eritrea,Eritrea,Eritrea,Eritrea,Eritrea,Eritrea,Eritrea,Eritrea,厄立特里亚,Erytrea,에리트리아,Eritrea,エリトリア,Eritrea,Eritreia
GU,Guam,Guam,Guam,Guam,Guam,Guam,Guam,Guam,Guam,Guam,关岛,Guam,괌,Guam,グアム,Guam,Guame
MM,Myanmar,Myanmar (Birmanie),Myanmar,Myanmar (Birmania),Myanmar (Birmania),Myanmar (Burma),Myanmar (Burma),Myanmar (Burma),Myanmar (Burma),Myanmar (Burma),缅甸,Mjanma (Birma),미얀마,Myanmar (Barma),ミャンマー (ビルマ),Myanmar (Birma),Mianmar (Birmânia)
OM,Oman,Oman,Oman,Omán,Oman,Oman,Oman,Oman,Oman,Oman,阿曼,Oman,오만,Omán,オマーン,Oman,Omã
TN,Tunisia,Tunisie,Tunesien,Túnez,Tunisia,Tunisia,Tunisia,Tunisia,Tunisien,Tunesien,突尼斯,Tunezja,튀니지,Tunisko,チュニジア,Tunesië,Tunísia
CD,"Congo, Democratic Republic of the",Congo-Kinshasa,Kongo-Kinshasa,República Democrática del Congo,Congo - Kinshasa,Kongon demokraattinen tasavalta,Kongo-Kinshasa,Kongo-Kinshasa,Kongo-Kinshasa,Congo-Kinshasa,刚果（金）,Demokratyczna Republika Konga,콩고-킨샤사,Kongo – Kinshasa,コンゴ民主共和国(キンシャサ),Congo-Kinshasa,Congo-Kinshasa
RW,Rwanda,Rwanda,Ruanda,Ruanda,Ruanda,Ruanda,Rwanda,Rwanda,Rwanda,Rwanda,卢旺达,Rwanda,르완다,Rwanda,ルワンダ,Rwanda,Ruanda
KY,Cayman Islands,Îles Caïmans,Kaimaninseln,Islas Caimán,Isole Cayman,Caymansaaret,Caymanøyane,Caymanøyene,Caymanöarna,Caymanøerne,开曼群岛,Kajmany,케이맨 제도,Kajmanské ostrovy,ケイマン諸島,Kaaimaneilanden,Ilhas Caimão
PG,Papua New Guinea,Papouasie-Nouvelle-Guinée,Papua-Neuguinea,Papúa Nueva Guinea,Papua Nuova Guinea,Papua-Uusi-Guinea,Papua Ny-Guinea,Papua Ny-Guinea,Papua Nya Guinea,Papua Ny Guinea,巴布亚新几内亚,Papua-Nowa Gwinea,파푸아뉴기니,Papua-Nová Guinea,パプアニューギニア,Papoea-Nieuw-Guinea,Papua-Nova Guiné
HM,Heard Island and McDonald Islands,Îles Heard et McDonald,Heard und McDonaldinseln,Islas Heard y McDonald,Isole Heard e McDonald,Heard ja McDonaldinsaaret,Heardøya og McDonaldøyane,Heard- og McDonaldøyene,Heardön och McDonaldöarna,Heard Island og McDonald Islands,赫德岛和麦克唐纳群岛,Wyspy Heard i McDonalda,허드 맥도널드 제도,Heardův ostrov a McDonaldovy ostrovy,ハード島・マクドナルド諸島,Heard en McDonaldeilanden,Ilhas Heard e McDonald
GQ,Equatorial Guinea,Guinée équatoriale,Äquatorialguinea,Guinea Ecuatorial,Guinea Equatoriale,Päiväntasaajan Guinea,Ekvatorial-Guinea,Ekvatorial-Guinea,Ekvatorialguinea,Ækvatorialguinea,赤道几内亚,Gwinea Równikowa,적도 기니,Rovníková Guinea,赤道ギニア,Equatoriaal-Guinea,Guiné Equatorial
CA,Canada,Canada,Kanada,Canadá,Canada,Kanada,Canada,Canada,Kanada,Canada,加拿大,Kanada,캐나다,Kanada,カナダ,Canada,Canadá
MD,Moldova,Moldavie,Republik Moldau,Moldavia,Moldavia,Moldova,Moldova,Moldova,Moldavien,Moldova,摩尔多瓦,Mołdawia,몰도바,Moldavsko,モルドバ,Moldavië,Moldávia
JM,Jamaica,Jamaïque,Jamaika,Jamaica,Giamaica,Jamaika,Jamaica,Jamaica,Jamaica,Jamaica,牙买加,Jamajka,자메이카,Jamajka,ジャマイカ,Jamaica,Jamaica
VA,Holy See,État de la Cité du Vatican,Vatikanstadt,Ciudad del Vaticano,Città del Vaticano,Vatikaani,Vatikanstaten,Vatikanstaten,Vatikanstaten,Vatikanstaten,梵蒂冈,Watykan,바티칸 시국,Vatikán,バチカン市国,Vaticaanstad,Cidade do Vaticano
CU,Cuba,Cuba,Kuba,Cuba,Cuba,Kuuba,Cuba,Cuba,Kuba,Cuba,古巴,Kuba,쿠바,Kuba,キューバ,Cuba,Cuba
VN,Viet Nam,Vietnam,Vietnam,Vietnam,Vietnam,Vietnam,Vietnam,Vietnam,Vietnam,Vietnam,越南,Wietnam,베트남,Vietnam,ベトナム,Vietnam,Vietname
FJ,Fiji,Fidji,Fidschi,Fiyi,Figi,Fidži,Fiji,Fiji,Fiji,Fiji,斐济,Fidżi,피지,Fidži,フィジー,Fiji,Fiji
BB,Barbados,Barbade,Barbados,Barbados,Barbados,Barbados,Barbados,Barbados,Barbados,Barbados,巴巴多斯,Barbados,바베이도스,Barbados,バルバドス,Barbados,Barbados
ZM,Zambia,Zambie,Sambia,Zambia,Zambia,Sambia,Zambia,Zambia,Zambia,Zambia,赞比亚,Zambia,잠비아,Zambie,ザンビア,Zambia,Zâmbia
PL,Poland,Pologne,Polen,Polonia,Polonia,Puola,Polen,Polen,Polen,Polen,波兰,Polska,폴란드,Polsko,ポーランド,Polen,Polónia
TW,Taiwan,Taïwan,Taiwan,Taiwán,Taiwan,Taiwan,Taiwan,Taiwan,Taiwan,Taiwan,台湾,Tajwan,대만,Tchaj-wan,台湾,Taiwan,Taiwan
ES,Spain,Espagne,Spanien,España,Spagna,Espanja,Spania,Spania,Spanien,Spanien,西班牙,Hiszpania,스페인,Španělsko,スペイン,Spanje,Espanha
BZ,Belize,Belize,Belize,Belice,Belize,Belize,Belize,Belize,Belize,Belize,伯利兹,Belize,벨리즈,Belize,ベリーズ,Belize,Belize
FO,Faroe Islands,Îles Féroé,Färöer,Islas Feroe,Isole Fær Øer,Färsaaret,Færøyane,Færøyene,Färöarna,Færøerne,法罗群岛,Wyspy Owcze,페로 제도,Faerské ostrovy,フェロー諸島,Faeröer,Ilhas Faroé
KW,Kuwait,Koweït,Kuwait,Kuwait,Kuwait,Kuwait,Kuwait,Kuwait,Kuwait,Kuwait,科威特,Kuwejt,쿠웨이트,Kuvajt,クウェート,Koeweit,Koweit
HK,Hong Kong,R.A.S. chinoise de Hong Kong,Sonderverwaltungsregion Hongkong,RAE de Hong Kong (China),RAS di Hong Kong,Hongkong – Kiinan e.h.a.,Hongkong S.A.R. Kina,Hongkong S.A.R. Kina,Hongkong,SAR Hongkong,中国香港特别行政区,SRA Hongkong (Chiny),홍콩(중국 특별행정구),Hongkong – ZAO Číny,中華人民共和国香港特別行政区,Hongkong SAR van China,"Hong Kong, RAE da China"
IN,India,Inde,Indien,India,India,Intia,India,India,Indien,Indien,印度,Indie,인도,Indie,インド,India,Índia
TG,Togo,Togo,Togo,Togo,Togo,Togo,Togo,Togo,Togo,Togo,多哥,Togo,토고,Togo,トーゴ,Togo,Togo
BG,Bulgaria,Bulgarie,Bulgarien,Bulgaria,Bulgaria,Bulgaria,Bulgaria,Bulgaria,Bulgarien,Bulgarien,保加利亚,Bułgaria,불가리아,Bulharsko,ブルガリア,Bulgarije,Bulgária
MW,Malawi,Malawi,Malawi,Malaui,Malawi,Malawi,Malawi,Malawi,Malawi,Malawi,马拉维,Malawi,말라위,Malawi,マラウイ,Malawi,Maláui
BI,Burundi,Burundi,Burundi,Burundi,Burundi,Burundi,Burundi,Burundi,Burundi,Burundi,布隆迪,Burundi,부룬디,Burundi,ブルンジ,Burundi,Burundi
BW,Botswana,Botswana,Botsuana,Botsuana,Botswana,Botswana,Botswana,Botswana,Botswana,Botswana,博茨瓦纳,Botswana,보츠와나,Botswana,ボツワナ,Botswana,Botsuana
KI,Kiribati,Kiribati,Kiribati,Kiribati,Kiribati,Kiribati,Kiribati,Kiribati,Kiribati,Kiribati,基里巴斯,Kiribati,키리바시,Kiribati,キリバス,Kiribati,Quiribáti
AO,Angola,Angola,Angola,Angola,Angola,Angola,Angola,Angola,Angola,Angola,安哥拉,Angola,앙골라,Angola,アンゴラ,Angola,Angola
NI,Nicaragua,Nicaragua,Nicaragua,Nicaragua,Nicaragua,Nicaragua,Nicaragua,Nicaragua,Nicaragua,Nicaragua,尼加拉瓜,Nikaragua,니카라과,Nikaragua,ニカラグア,Nicaragua,Nicarágua
MX,Mexico,Mexique,Mexiko,México,Messico,Meksiko,Mexico,Mexico,Mexiko,Mexico,墨西哥,Meksyk,멕시코,Mexiko,メキシコ,Mexico,México
GN,Guinea,Guinée,Guinea,Guinea,Guinea,Guinea,Guinea,Guinea,Guinea,Guinea,几内亚,Gwinea,기니,Guinea,ギニア,Guinee,Guiné
AD,Andorra,Andorre,Andorra,Andorra,Andorra,Andorra,Andorra,Andorra,Andorra,Andorra,安道尔,Andora,안도라,Andorra,アンドラ,Andorra,Andorra
DO,Dominican Republic,République dominicaine,Dominikanische Republik,República Dominicana,Repubblica Dominicana,Dominikaaninen tasavalta,Den dominikanske republikken,Den dominikanske republikk,Dominikanska republiken,Den Dominikanske Republik,多米尼加共和国,Dominikana,도미니카 공화국,Dominikánská republika,ドミニカ共和国,Dominicaanse Republiek,República Dominicana
AZ,Azerbaijan,Azerbaïdjan,Aserbaidschan,Azerbaiyán,Azerbaigian,Azerbaidžan,Aserbajdsjan,Aserbajdsjan,Azerbajdzjan,Aserbajdsjan,阿塞拜疆,Azerbejdżan,아제르바이잔,Ázerbájdžán,アゼルバイジャン,Azerbeidzjan,Azerbaijão
BT,Bhutan,Bhoutan,Bhutan,Bután,Bhutan,Bhutan,Bhutan,Bhutan,Bhutan,Bhutan,不丹,Bhutan,부탄,Bhútán,ブータン,Bhutan,Butão
NU,Niue,Niue,Niue,Niue,Niue,Niue,Niue,Niue,Niue,Niue,纽埃,Niue,니우에,Niue,ニウエ,Niue,Niuê
AT,Austria,Autriche,Österreich,Austria,Austria,Itävalta,Austerrike,Østerrike,Österrike,Østrig,奥地利,Austria,오스트리아,Rakousko,オーストリア,Oostenrijk,Áustria
SO,Somalia,Somalie,Somalia,Somalia,Somalia,Somalia,Somalia,Somalia,Somalia,Somalia,索马里,Somalia,소말리아,Somálsko,ソマリア,Somalië,Somália
WS,Samoa,Samoa,Samoa,Samoa,Samoa,Samoa,Samoa,Samoa,Samoa,Samoa,萨摩亚,Samoa,사모아,Samoa,サモア,Samoa,Samoa
HR,Croatia,Croatie,Kroatien,Croacia,Croazia,Kroatia,Kroatia,Kroatia,Kroatien,Kroatien,克罗地亚,Chorwacja,크로아티아,Chorvatsko,クロアチア,Kroatië,Croácia
CL,Chile,Chili,Chile,Chile,Cile,Chile,Chile,Chile,Chile,Chile,智利,Chile,칠레,Chile,チリ,Chili,Chile
GW,Guinea-Bissau,Guinée-Bissau,Guinea-Bissau,Guinea-Bisáu,Guinea-Bissau,Guinea-Bissau,Guinea-Bissau,Guinea-Bissau,Guinea-Bissau,Guinea-Bissau,几内亚比绍,Gwinea Bissau,기니비사우,Guinea-Bissau,ギニアビサウ,Guinee-Bissau,Guiné-Bissau
VI,Virgin Islands (U.S.),Îles Vierges des États-Unis,Amerikanische Jungferninseln,Islas Vírgenes de EE. UU.,Isole Vergini Americane,Yhdysvaltain Neitsytsaaret,Dei amerikanske Jomfruøyane,De amerikanske jomfruøyene,Amerikanska Jungfruöarna,De Amerikanske Jomfruøer,美属维尔京群岛,Wyspy Dziewicze Stanów Zjednoczonych,미국령 버진아일랜드,Americké Panenské ostrovy,米領ヴァージン諸島,Amerikaanse Maagdeneilanden,Ilhas Virgens dos EUA
MK,North Macedonia,Macédoine du Nord,Nordmazedonien,Macedonia del Norte,Macedonia del Nord,Pohjois-Makedonia,Nord-Makedonia,Nord-Makedonia,Nordmakedonien,Nordmakedonien,北马其顿,Macedonia Północna,북마케도니아,Severní Makedonie,北マケドニア,Noord-Macedonië,Macedónia do Norte
AL,Albania,Albanie,Albanien,Albania,Albania,Albania,Albania,Albania,Albanien,Albanien,阿尔巴尼亚,Albania,알바니아,Albánie,アルバニア,Albanië,Albânia
JE,Jersey,Jersey,Jersey,Jersey,Jersey,Jersey,Jersey,Jersey,Jersey,Jersey,泽西岛,Jersey,저지,Jersey,ジャージー,Jersey,Jersey
PM,Saint Pierre and Miquelon,Saint-Pierre-et-Miquelon,St. Pierre und Miquelon,San Pedro y Miquelón,Saint-Pierre e Miquelon,Saint-Pierre ja Miquelon,Saint-Pierre-et-Miquelon,Saint-Pierre-et-Miquelon,S:t Pierre och Miquelon,Saint Pierre og Miquelon,圣皮埃尔和密克隆群岛,Saint-Pierre i Miquelon,생피에르 미클롱,Saint-Pierre a Miquelon,サンピエール島・ミクロン島,Saint-Pierre en Miquelon,São Pedro e Miquelão
SS,South Sudan,Soudan du Sud,Südsudan,Sudán del Sur,Sud Sudan,Etelä-Sudan,Sør-Sudan,Sør-Sudan,Sydsudan,Sydsudan,南苏丹,Sudan Południowy,남수단,Jižní Súdán,南スーダン,Zuid-Soedan,Sudão do Sul
UG,Uganda,Ouganda,Uganda,Uganda,Uganda,Uganda,Uganda,Uganda,Uganda,Uganda,乌干达,Uganda,우간다,Uganda,ウガンダ,Oeganda,Uganda
BM,Bermuda,Bermudes,Bermuda,Bermudas,Bermuda,Bermuda,Bermuda,Bermuda,Bermuda,Bermuda,百慕大,Bermudy,버뮤다,Bermudy,バミューダ,Bermuda,Bermudas
TK,Tokelau,Tokelau,Tokelau,Tokelau,Tokelau,Tokelau,Tokelau,Tokelau,Tokelau,Tokelau,托克劳,Tokelau,토켈라우,Tokelau,トケラウ,Tokelau,Toquelau
PA,Panama,Panama,Panama,Panamá,Panamá,Panama,Panama,Panama,Panama,Panama,巴拿马,Panama,파나마,Panama,パナマ,Panama,Panamá
TM,Turkmenistan,Turkménistan,Turkmenistan,Turkmenistán,Turkmenistan,Turkmenistan,Turkmenistan,Turkmenistan,Turkmenistan,Turkmenistan,土库曼斯坦,Turkmenistan,투르크메니스탄,Turkmenistán,トルクメニスタン,Turkmenistan,Turquemenistão
GL,Greenland,Groenland,Grönland,Groenlandia,Groenlandia,Grönlanti,Grønland,Grønland,Grönland,Grønland,格陵兰,Grenlandia,그린란드,Grónsko,グリーンランド,Groenland,Gronelândia
MY,Malaysia,Malaisie,Malaysia,Malasia,Malaysia,Malesia,Malaysia,Malaysia,Malaysia,Malaysia,马来西亚,Malezja,말레이시아,Malajsie,マレーシア,Maleisië,Malásia
MS,Montserrat,Montserrat,Montserrat,Montserrat,Montserrat,Montserrat,Montserrat,Montserrat,Montserrat,Montserrat,蒙特塞拉特,Montserrat,몬트세라트,Montserrat,モントセラト,Montserrat,Monserrate
DK,Denmark,Danemark,Dänemark,Dinamarca,Danimarca,Tanska,Danmark,Danmark,Danmark,Danmark,丹麦,Dania,덴마크,Dánsko,デンマーク,Denemarken,Dinamarca
HN,Honduras,Honduras,Honduras,Honduras,Honduras,Honduras,Honduras,Honduras,Honduras,Honduras,洪都拉斯,Honduras,온두라스,Honduras,ホンジュラス,Honduras,Honduras
TD,Chad,Tchad,Tschad,Chad,Ciad,Tšad,Tsjad,Tsjad,Tchad,Tchad,乍得,Czad,차드,Čad,チャド,Tsjaad,Chade
DE,Germany,Allemagne,Deutschland,Alemania,Germania,Saksa,Tyskland,Tyskland,Tyskland,Tyskland,德国,Niemcy,독일,Německo,ドイツ,Duitsland,Alemanha
KM,Comoros,Comores,Komoren,Comoras,Comore,Komorit,Komorane,Komorene,Komorerna,Comorerne,科摩罗,Komory,코모로,Komory,コモロ,Comoren,Comores
PW,Palau,Palaos,Palau,Palaos,Palau,Palau,Palau,Palau,Palau,Palau,帕劳,Palau,팔라우,Palau,パラオ,Palau,Palau
BS,Bahamas,Bahamas,Bahamas,Bahamas,Bahamas,Bahama,Bahamas,Bahamas,Bahamas,Bahamas,巴哈马,Bahamy,바하마,Bahamy,バハマ,Bahama’s,Baamas
SK,Slovakia,Slovaquie,Slowakei,Eslovaquia,Slovacchia,Slovakia,Slovakia,Slovakia,Slovakien,Slovakiet,斯洛伐克,Słowacja,슬로바키아,Slovensko,スロバキア,Slowakije,Eslováquia
SX,Sint Maarten (Dutch part),Saint-Martin (partie néerlandaise),Sint Maarten,Sint Maarten,Sint Maarten,Sint Maarten,Sint Maarten,Sint Maarten,Sint Maarten,Sint Maarten,荷属圣马丁,Sint Maarten,신트마르턴,Svatý Martin (Nizozemsko),シント・マールテン,Sint-Maarten,São Martinho (Sint Maarten)
GM,Gambia,Gambie,Gambia,Gambia,Gambia,Gambia,Gambia,Gambia,Gambia,Gambia,冈比亚,Gambia,감비아,Gambie,ガンビア,Gambia,Gâmbia
LB,Lebanon,Liban,Libanon,Líbano,Libano,Libanon,Libanon,Libanon,Libanon,Libanon,黎巴嫩,Liban,레바논,Libanon,レバノン,Libanon,Líbano
PT,Portugal,Portugal,Portugal,Portugal,Portogallo,Portugali,Portugal,Portugal,Portugal,Portugal,葡萄牙,Portugalia,포르투갈,Portugalsko,ポルトガル,Portugal,Portugal
TJ,Tajikistan,Tadjikistan,Tadschikistan,Tayikistán,Tagikistan,Tadžikistan,Tadsjikistan,Tadsjikistan,Tadzjikistan,Tadsjikistan,塔吉克斯坦,Tadżykistan,타지키스탄,Tádžikistán,タジキスタン,Tadzjikistan,Tajiquistão
IO,British Indian Ocean Territory,Territoire britannique de l’océan Indien,Britisches Territorium im Indischen Ozean,Territorio Británico del Océano Índico,Territorio britannico dell’Oceano Indiano,Brittiläinen Intian valtameren alue,Det britiske territoriet I Indiahavet,Det britiske territoriet i Indiahavet,Brittiska territoriet i Indiska oceanen,Det Britiske Territorium i Det Indiske Ocean,英属印度洋领地,Brytyjskie Terytorium Oceanu Indyjskiego,영국령 인도양 식민지,Britské indickooceánské území,英領インド洋地域,Brits Indische Oceaanterritorium,Território Britânico do Oceano Índico
GB,United Kingdom,Royaume-Uni,Vereinigtes Königreich,Reino Unido,Regno Unito,Iso-Britannia,Storbritannia,Storbritannia,Storbritannien,Storbritannien,英国,Wielka Brytania,영국,Spojené království,イギリス,Verenigd Koninkrijk,Reino Unido
JP,Japan,Japon,Japan,Japón,Giappone,Japani,Japan,Japan,Japan,Japan,日本,Japonia,일본,Japonsko,日本,Japan,Japão
MF,Saint Martin (French part),Saint-Martin,St. Martin,San Martín,Saint Martin,Saint-Martin,Saint Martin,Saint-Martin,Saint-Martin,Saint Martin,法属圣马丁,Saint-Martin,생마르탱,Svatý Martin (Francie),サン・マルタン,Saint-Martin,São Martinho
IS,Iceland,Islande,Island,Islandia,Islanda,Islanti,Island,Island,Island,Island,冰岛,Islandia,아이슬란드,Island,アイスランド,IJsland,Islândia
PN,Pitcairn,Îles Pitcairn,Pitcairninseln,Islas Pitcairn,Isole Pitcairn,Pitcairn,Pitcairn,Pitcairnøyene,Pitcairnöarna,Pitcairn,皮特凯恩群岛,Pitcairn,핏케언 섬,Pitcairnovy ostrovy,ピトケアン諸島,Pitcairneilanden,Ilhas Pitcairn
RO,Romania,Roumanie,Rumänien,Rumanía,Romania,Romania,Romania,Romania,Rumänien,Rumænien,罗马尼亚,Rumunia,루마니아,Rumunsko,ルーマニア,Roemenië,Roménia
NG,Nigeria,Nigéria,Nigeria,Nigeria,Nigeria,Nigeria,Nigeria,Nigeria,Nigeria,Nigeria,尼日利亚,Nigeria,나이지리아,Nigérie,ナイジェリア,Nigeria,Nigéria
BQ,"Bonaire, Sint Eustatius and Saba",Pays-Bas caribéens,"Bonaire, Sint Eustatius und Saba",Caribe neerlandés,Caraibi olandesi,Karibian Alankomaat,Karibisk Nederland,Karibisk Nederland,Karibiska Nederländerna,De tidligere Nederlandske Antiller,荷属加勒比区,Niderlandy Karaibskie,네덜란드령 카리브,Karibské Nizozemsko,オランダ領カリブ,Caribisch Nederland,Países Baixos Caribenhos
ZW,Zimbabwe,Zimbabwe,Simbabwe,Zimbabue,Zimbabwe,Zimbabwe,Zimbabwe,Zimbabwe,Zimbabwe,Zimbabwe,津巴布韦,Zimbabwe,짐바브웨,Zimbabwe,ジンバブエ,Zimbabwe,Zimbabué
YT,Mayotte,Mayotte,Mayotte,Mayotte,Mayotte,Mayotte,Mayotte,Mayotte,Mayotte,Mayotte,马约特,Majotta,마요트,Mayotte,マヨット,Mayotte,Maiote
LC,Saint Lucia,Sainte-Lucie,St. Lucia,Santa Lucía,Saint Lucia,Saint Lucia,St. Lucia,St. Lucia,S:t Lucia,Saint Lucia,圣卢西亚,Saint Lucia,세인트루시아,Svatá Lucie,セントルシア,Saint Lucia,Santa Lúcia
NL,Netherlands,Pays-Bas,Niederlande,Países Bajos,Paesi Bassi,Alankomaat,Nederland,Nederland,Nederländerna,Holland,荷兰,Holandia,네덜란드,Nizozemsko,オランダ,Nederland,Países Baixos
AF,Afghanistan,Afghanistan,Afghanistan,Afganistán,Afghanistan,Afganistan,Afghanistan,Afghanistan,Afghanistan,Afghanistan,阿富汗,Afganistan,아프가니스탄,Afghánistán,アフガニスタン,Afghanistan,Afeganistão
AE,United Arab Emirates,Émirats arabes unis,Vereinigte Arabische Emirate,Emiratos Árabes Unidos,Emirati Arabi Uniti,Arabiemiirikunnat,Dei sameinte arabiske emirata,De forente arabiske emirater,Förenade Arabemiraten,De Forenede Arabiske Emirater,阿拉伯联合酋长国,Zjednoczone Emiraty Arabskie,아랍에미리트,Spojené arabské emiráty,アラブ首長国連邦,Verenigde Arabische Emiraten,Emirados Árabes Unidos
NO,Norway,Norvège,Norwegen,Noruega,Norvegia,Norja,Noreg,Norge,Norge,Norge,挪威,Norwegia,노르웨이,Norsko,ノルウェー,Noorwegen,Noruega
LR,Liberia,Libéria,Liberia,Liberia,Liberia,Liberia,Liberia,Liberia,Liberia,Liberia,利比里亚,Liberia,라이베리아,Libérie,リベリア,Liberia,Libéria
HT,Haiti,Haïti,Haiti,Haití,Haiti,Haiti,Haiti,Haiti,Haiti,Haiti,海地,Haiti,아이티,Haiti,ハイチ,Haïti,Haiti
RU,Russian Federation,Russie,Russland,Rusia,Russia,Venäjä,Russland,Russland,Ryssland,Rusland,俄罗斯,Rosja,러시아,Rusko,ロシア,Rusland,Rússia
GA,Gabon,Gabon,Gabun,Gabón,Gabon,Gabon,Gabon,Gabon,Gabon,Gabon,加蓬,Gabon,가봉,Gabon,ガボン,Gabon,Gabão
PR,Puerto Rico,Porto Rico,Puerto Rico,Puerto Rico,Portorico,Puerto Rico,Puerto Rico,Puerto Rico,Puerto Rico,Puerto Rico,波多黎各,Portoryko,푸에르토리코,Portoriko,プエルトリコ,Puerto Rico,Porto Rico
BA,Bosnia and Herzegovina,Bosnie-Herzégovine,Bosnien und Herzegowina,Bosnia y Herzegovina,Bosnia ed Erzegovina,Bosnia ja Hertsegovina,Bosnia-Hercegovina,Bosnia-Hercegovina,Bosnien och Hercegovina,Bosnien-Hercegovina,波斯尼亚和黑塞哥维那,Bośnia i Hercegowina,보스니아 헤르체고비나,Bosna a Hercegovina,ボスニア・ヘルツェゴビナ,Bosnië en Herzegovina,Bósnia e Herzegovina
FK,Falkland Islands (Malvinas),Îles Malouines,Falklandinseln,Islas Malvinas,Isole Falkland,Falklandinsaaret,Falklandsøyane,Falklandsøyene,Falklandsöarna,Falklandsøerne,福克兰群岛,Falklandy,포클랜드 제도,Falklandské ostrovy,フォークランド諸島,Falklandeilanden,Ilhas Malvinas (Falkland)
IQ,Iraq,Irak,Irak,Irak,Iraq,Irak,Irak,Irak,Irak,Irak,伊拉克,Irak,이라크,Irák,イラク,Irak,Iraque
ZA,South Africa,Afrique du Sud,Südafrika,Sudáfrica,Sudafrica,Etelä-Afrikka,Sør-Afrika,Sør-Afrika,Sydafrika,Sydafrika,南非,Republika Południowej Afryki,남아프리카,Jihoafrická republika,南アフリカ,Zuid-Afrika,África do Sul
BJ,Benin,Bénin,Benin,Benín,Benin,Benin,Benin,Benin,Benin,Benin,贝宁,Benin,베냉,Benin,ベナン,Benin,Benim
BH,Bahrain,Bahreïn,Bahrain,Baréin,Bahrein,Bahrain,Bahrain,Bahrain,Bahrain,Bahrain,巴林,Bahrajn,바레인,Bahrajn,バーレーン,Bahrein,Barém
EC,Ecuador,Équateur,Ecuador,Ecuador,Ecuador,Ecuador,Ecuador,Ecuador,Ecuador,Ecuador,厄瓜多尔,Ekwador,에콰도르,Ekvádor,エクアドル,Ecuador,Equador
PY,Paraguay,Paraguay,Paraguay,Paraguay,Paraguay,Paraguay,Paraguay,Paraguay,Paraguay,Paraguay,巴拉圭,Paragwaj,파라과이,Paraguay,パラグアイ,Paraguay,Paraguai
HU,Hungary,Hongrie,Ungarn,Hungría,Ungheria,Unkari,Ungarn,Ungarn,Ungern,Ungarn,匈牙利,Węgry,헝가리,Maďarsko,ハンガリー,Hongarije,Hungria
SV,El Salvador,Salvador,El Salvador,El Salvador,El Salvador,El Salvador,El Salvador,El Salvador,El Salvador,El Salvador,萨尔瓦多,Salwador,엘살바도르,Salvador,エルサルバドル,El Salvador,Salvador
NF,Norfolk Island,Île Norfolk,Norfolkinsel,Isla Norfolk,Isola Norfolk,Norfolkinsaari,Norfolkøya,Norfolkøya,Norfolkön,Norfolk Island,诺福克岛,Norfolk,노퍽섬,Norfolk,ノーフォーク島,Norfolk,Ilha Norfolk
,Namibia,Namibie,Namibia,Namibia,Namibia,Namibia,Namibia,Namibia,Namibia,Namibia,纳米比亚,Namibia,나미비아,Namibie,ナミビア,Namibië,Namíbia
YE,Yemen,Yémen,Jemen,Yemen,Yemen,Jemen,Jemen,Jemen,Jemen,Yemen,也门,Jemen,예멘,Jemen,イエメン,Jemen,Iémen
PS,"Palestine, State of",Territoires palestiniens,Palästinensische Autonomiegebiete,Territorios Palestinos,Territori palestinesi,Palestiinalaisalueet,Palestinsk territorium,Det palestinske området,Palestinska territorierna,De palæstinensiske områder,巴勒斯坦领土,Terytoria Palestyńskie,팔레스타인 지구,Palestinská území,パレスチナ自治区,Palestijnse gebieden,Territórios palestinianos
ME,Montenegro,Monténégro,Montenegro,Montenegro,Montenegro,Montenegro,Montenegro,Montenegro,Montenegro,Montenegro,黑山,Czarnogóra,몬테네그로,Černá Hora,モンテネグロ,Montenegro,Montenegro
AU,Australia,Australie,Australien,Australia,Australia,Australia,Australia,Australia,Australien,Australien,澳大利亚,Australia,오스트레일리아,Austrálie,オーストラリア,Australië,Austrália
MT,Malta,Malte,Malta,Malta,Malta,Malta,Malta,Malta,Malta,Malta,马耳他,Malta,몰타,Malta,マルタ,Malta,Malta
CZ,Czechia,Tchéquie,Tschechien,Chequia,Cechia,Tšekki,Tsjekkia,Tsjekkia,Tjeckien,Tjekkiet,捷克,Czechy,체코,Česko,チェコ,Tsjechië,Chéquia
SN,Senegal,Sénégal,Senegal,Senegal,Senegal,Senegal,Senegal,Senegal,Senegal,Senegal,塞内加尔,Senegal,세네갈,Senegal,セネガル,Senegal,Senegal
ID,Indonesia,Indonésie,Indonesien,Indonesia,Indonesia,Indonesia,Indonesia,Indonesia,Indonesien,Indonesien,印度尼西亚,Indonezja,인도네시아,Indonésie,インドネシア,Indonesië,Indonésia
EE,Estonia,Estonie,Estland,Estonia,Estonia,Viro,Estland,Estland,Estland,Estland,爱沙尼亚,Estonia,에스토니아,Estonsko,エストニア,Estland,Estónia
SG,Singapore,Singapour,Singapur,Singapur,Singapore,Singapore,Singapore,Singapore,Singapore,Singapore,新加坡,Singapur,싱가포르,Singapur,シンガポール,Singapore,Singapura
AS,American Samoa,Samoa américaines,Amerikanisch-Samoa,Samoa Americana,Samoa americane,Amerikan Samoa,Amerikansk Samoa,Amerikansk Samoa,Amerikanska Samoa,Amerikansk Samoa,美属萨摩亚,Samoa Amerykańskie,아메리칸 사모아,Americká Samoa,米領サモア,Amerikaans-Samoa,Samoa Americana
BE,Belgium,Belgique,Belgien,Bélgica,Belgio,Belgia,Belgia,Belgia,Belgien,Belgien,比利时,Belgia,벨기에,Belgie,ベルギー,België,Bélgica
AI,Anguilla,Anguilla,Anguilla,Anguila,Anguilla,Anguilla,Anguilla,Anguilla,Anguilla,Anguilla,安圭拉,Anguilla,앵귈라,Anguilla,アンギラ,Anguilla,Anguila
GE,Georgia,Géorgie,Georgien,Georgia,Georgia,Georgia,Georgia,Georgia,Georgien,Georgien,格鲁吉亚,Gruzja,조지아,Gruzie,ジョージア,Georgië,Geórgia
MP,Northern Mariana Islands,Îles Mariannes du Nord,Nördliche Marianen,Islas Marianas del Norte,Isole Marianne settentrionali,Pohjois-Mariaanit,Nord-Marianane,Nord-Marianene,Nordmarianerna,Nordmarianerne,北马里亚纳群岛,Mariany Północne,북마리아나제도,Severní Mariany,北マリアナ諸島,Noordelijke Marianen,Ilhas Marianas do Norte
BY,Belarus,Biélorussie,Belarus,Bielorrusia,Bielorussia,Valko-Venäjä,Kviterussland,Hviterussland,Vitryssland,Hviderusland,白俄罗斯,Białoruś,벨라루스,Bělorusko,ベラルーシ,Belarus,Bielorrússia
MR,Mauritania,Mauritanie,Mauretanien,Mauritania,Mauritania,Mauritania,Mauritania,Mauritania,Mauretanien,Mauretanien,毛里塔尼亚,Mauretania,모리타니,Mauritánie,モーリタニア,Mauritanië,Mauritânia
MN,Mongolia,Mongolie,Mongolei,Mongolia,Mongolia,Mongolia,Mongolia,Mongolia,Mongoliet,Mongoliet,蒙古,Mongolia,몽골,Mongolsko,モンゴル,Mongolië,Mongólia
ST,Sao Tome and Principe,Sao Tomé-et-Principe,São Tomé und Príncipe,Santo Tomé y Príncipe,São Tomé e Príncipe,São Tomé ja Príncipe,São Tomé og Príncipe,São Tomé og Príncipe,São Tomé och Príncipe,São Tomé og Príncipe,圣多美和普林西比,Wyspy Świętego Tomasza i Książęca,상투메 프린시페,Svatý Tomáš a Princův ostrov,サントメ・プリンシペ,Sao Tomé en Principe,São Tomé e Príncipe
AM,Armenia,Arménie,Armenien,Armenia,Armenia,Armenia,Armenia,Armenia,Armenien,Armenien,亚美尼亚,Armenia,아르메니아,Arménie,アルメニア,Armenië,Arménia
BF,Burkina Faso,Burkina Faso,Burkina Faso,Burkina Faso,Burkina Faso,Burkina Faso,Burkina Faso,Burkina Faso,Burkina Faso,Burkina Faso,布基纳法索,Burkina Faso,부르키나파소,Burkina Faso,ブルキナファソ,Burkina Faso,Burquina Faso
GG,Guernsey,Guernesey,Guernsey,Guernsey,Guernsey,Guernsey,Guernsey,Guernsey,Guernsey,Guernsey,根西岛,Guernsey,건지,Guernsey,ガーンジー,Guernsey,Guernesey
DJ,Djibouti,Djibouti,Dschibuti,Yibuti,Gibuti,Djibouti,Djibouti,Djibouti,Djibouti,Djibouti,吉布提,Dżibuti,지부티,Džibutsko,ジブチ,Djibouti,Jibuti
GT,Guatemala,Guatemala,Guatemala,Guatemala,Guatemala,Guatemala,Guatemala,Guatemala,Guatemala,Guatemala,危地马拉,Gwatemala,과테말라,Guatemala,グアテマラ,Guatemala,Guatemala
IE,Ireland,Irlande,Irland,Irlanda,Irlanda,Irlanti,Irland,Irland,Irland,Irland,爱尔兰,Irlandia,아일랜드,Irsko,アイルランド,Ierland,Irlanda
CF,Central African Republic,République centrafricaine,Zentralafrikanische Republik,República Centroafricana,Repubblica Centrafricana,Keski-Afrikan tasavalta,Den sentralafrikanske republikken,Den sentralafrikanske republikk,Centralafrikanska republiken,Den Centralafrikanske Republik,中非共和国,Republika Środkowoafrykańska,중앙 아프리카 공화국,Středoafrická republika,中央アフリカ共和国,Centraal-Afrikaanse Republiek,República Centro-Africana
CX,Christmas Island,Île Christmas,Weihnachtsinsel,Isla de Navidad,Isola Christmas,Joulusaari,Christmasøya,Christmasøya,Julön,Juleøen,圣诞岛,Wyspa Bożego Narodzenia,크리스마스섬,Vánoční ostrov,クリスマス島,Christmaseiland,Ilha do Natal
KG,Kyrgyzstan,Kirghizistan,Kirgisistan,Kirguistán,Kirghizistan,Kirgisia,Kirgisistan,Kirgisistan,Kirgizistan,Kirgisistan,吉尔吉斯斯坦,Kirgistan,키르기스스탄,Kyrgyzstán,キルギス,Kirgizië,Quirguistão
MG,Madagascar,Madagascar,Madagaskar,Madagascar,Madagascar,Madagaskar,Madagaskar,Madagaskar,Madagaskar,Madagaskar,马达加斯加,Madagaskar,마다가스카르,Madagaskar,マダガスカル,Madagaskar,Madagáscar
LT,Lithuania,Lituanie,Litauen,Lituania,Lituania,Liettua,Litauen,Litauen,Litauen,Litauen,立陶宛,Litwa,리투아니아,Litva,リトアニア,Litouwen,Lituânia
BD,Bangladesh,Bangladesh,Bangladesch,Bangladés,Bangladesh,Bangladesh,Bangladesh,Bangladesh,Bangladesh,Bangladesh,孟加拉国,Bangladesz,방글라데시,Bangladéš,バングラデシュ,Bangladesh,Bangladeche
TV,Tuvalu,Tuvalu,Tuvalu,Tuvalu,Tuvalu,Tuvalu,Tuvalu,Tuvalu,Tuvalu,Tuvalu,图瓦卢,Tuvalu,투발루,Tuvalu,ツバル,Tuvalu,Tuvalu
SD,Sudan,Soudan,Sudan,Sudán,Sudan,Sudan,Sudan,Sudan,Sudan,Sudan,苏丹,Sudan,수단,Súdán,スーダン,Soedan,Sudão
LI,Liechtenstein,Liechtenstein,Liechtenstein,Liechtenstein,Liechtenstein,Liechtenstein,Liechtenstein,Liechtenstein,Liechtenstein,Liechtenstein,列支敦士登,Liechtenstein,리히텐슈타인,Lichtenštejnsko,リヒテンシュタイン,Liechtenstein,Listenstaine
UZ,Uzbekistan,Ouzbékistan,Usbekistan,Uzbekistán,Uzbekistan,Uzbekistan,Usbekistan,Usbekistan,Uzbekistan,Usbekistan,乌兹别克斯坦,Uzbekistan,우즈베키스탄,Uzbekistán,ウズベキスタン,Oezbekistan,Usbequistão
TH,Thailand,Thaïlande,Thailand,Tailandia,Thailandia,Thaimaa,Thailand,Thailand,Thailand,Thailand,泰国,Tajlandia,태국,Thajsko,タイ,Thailand,Tailândia
LA,Lao People's Democratic Republic,Laos,Laos,Laos,Laos,Laos,Laos,Laos,Laos,Laos,老挝,Laos,라오스,Laos,ラオス,Laos,Laos
LY,Libya,Libye,Libyen,Libia,Libia,Libya,Libya,Libya,Libyen,Libyen,利比亚,Libia,리비아,Libye,リビア,Libië,Líbia
BN,Brunei Darussalam,Brunéi Darussalam,Brunei Darussalam,Brunéi,Brunei,Brunei,Brunei,Brunei,Brunei,Brunei,文莱,Brunei,브루나이,Brunej,ブルネイ,Brunei,Brunei
CC,Cocos (Keeling) Islands,Îles Cocos,Kokosinseln,Islas Cocos,Isole Cocos (Keeling),Kookossaaret (Keelingsaaret),Kokosøyane,Kokosøyene,Kokosöarna,Cocosøerne,科科斯（基林）群岛,Wyspy Kokosowe,코코스 제도,Kokosové ostrovy,ココス(キーリング)諸島,Cocoseilanden,Ilhas dos Cocos (Keeling)
VG,Virgin Islands (British),Îles Vierges britanniques,Britische Jungferninseln,Islas Vírgenes Británicas,Isole Vergini Britanniche,Brittiläiset Neitsytsaaret,Dei britiske Jomfruøyane,De britiske jomfruøyene,Brittiska Jungfruöarna,De Britiske Jomfruøer,英属维尔京群岛,Brytyjskie Wyspy Dziewicze,영국령 버진아일랜드,Britské Panenské ostrovy,英領ヴァージン諸島,Britse Maagdeneilanden,Ilhas Virgens Britânicas
EH,Western Sahara,Sahara occidental,Westsahara,Sáhara Occidental,Sahara occidentale,Länsi-Sahara,Vest-Sahara,Vest-Sahara,Västsahara,Vestsahara,西撒哈拉,Sahara Zachodnia,서사하라,Západní Sahara,西サハラ,Westelijke Sahara,Sara Ocidental
GS,South Georgia and the South Sandwich Islands,Géorgie du Sud et îles Sandwich du Sud,Südgeorgien und die Südlichen Sandwichinseln,Islas Georgia del Sur y Sandwich del Sur,Georgia del Sud e Sandwich australi,Etelä-Georgia ja Eteläiset Sandwichsaaret,Sør-Georgia og Sør-Sandwichøyene,Sør-Georgia og Sør-Sandwichøyene,Sydgeorgien och Sydsandwichöarna,South Georgia og De Sydlige Sandwichøer,南乔治亚和南桑威奇群岛,Georgia Południowa i Sandwich Południowy,사우스조지아 사우스샌드위치 제도,Jižní Georgie a Jižní Sandwichovy ostrovy,サウスジョージア・サウスサンドウィッチ諸島,Zuid-Georgia en Zuidelijke Sandwicheilanden,Ilhas Geórgia do Sul e Sandwich do Sul
MV,Maldives,Maldives,Malediven,Maldivas,Maldive,Malediivit,Maldivane,Maldivene,Maldiverna,Maldiverne,马尔代夫,Malediwy,몰디브,Maledivy,モルディブ,Maldiven,Maldivas
CG,Congo,Congo-Brazzaville,Kongo-Brazzaville,Congo,Congo-Brazzaville,Kongon tasavalta,Kongo-Brazzaville,Kongo-Brazzaville,Kongo-Brazzaville,Congo-Brazzaville,刚果（布）,Kongo,콩고-브라자빌,Kongo – Brazzaville,コンゴ共和国(ブラザビル),Congo-Brazzaville,Congo-Brazzaville
CN,China,Chine,China,China,Cina,Kiina,Kina,Kina,Kina,Kina,中国,Chiny,중국,Čína,中国,China,China
QA,Qatar,Qatar,Katar,Catar,Qatar,Qatar,Qatar,Qatar,Qatar,Qatar,卡塔尔,Katar,카타르,Katar,カタール,Qatar,Catar
VE,Venezuela,Venezuela,Venezuela,Venezuela,Venezuela,Venezuela,Venezuela,Venezuela,Venezuela,Venezuela,委内瑞拉,Wenezuela,베네수엘라,Venezuela,ベネズエラ,Venezuela,Venezuela
GY,Guyana,Guyana,Guyana,Guyana,Guyana,Guyana,Guyana,Guyana,Guyana,Guyana,圭亚那,Gujana,가이아나,Guyana,ガイアナ,Guyana,Guiana
LS,Lesotho,Lesotho,Lesotho,Lesoto,Lesotho,Lesotho,Lesotho,Lesotho,Lesotho,Lesotho,莱索托,Lesotho,레소토,Lesotho,レソト,Lesotho,Lesoto
KE,Kenya,Kenya,Kenia,Kenia,Kenya,Kenia,Kenya,Kenya,Kenya,Kenya,肯尼亚,Kenia,케냐,Keňa,ケニア,Kenia,Quénia
LK,Sri Lanka,Sri Lanka,Sri Lanka,Sri Lanka,Sri Lanka,Sri Lanka,Sri Lanka,Sri Lanka,Sri Lanka,Sri Lanka,斯里兰卡,Sri Lanka,스리랑카,Srí Lanka,スリランカ,Sri Lanka,Sri Lanca
UM,United States Minor Outlying Islands,Îles mineures éloignées des États-Unis,Amerikanische Überseeinseln,Islas menores alejadas de EE. UU.,Altre isole americane del Pacifico,Yhdysvaltain erillissaaret,USAs ytre småøyar,USAs ytre øyer,USA:s yttre öar,Amerikanske oversøiske øer,美国本土外小岛屿,Dalekie Wyspy Mniejsze Stanów Zjednoczonych,미국령 해외 제도,Menší odlehlé ostrovy USA,合衆国領有小離島,Kleine afgelegen eilanden van de Verenigde Staten,Ilhas Menores Afastadas dos EUA
WF,Wallis and Futuna,Wallis-et-Futuna,Wallis und Futuna,Wallis y Futuna,Wallis e Futuna,Wallis ja Futuna,Wallis og Futuna,Wallis og Futuna,Wallis- och Futunaöarna,Wallis og Futuna,瓦利斯和富图纳,Wallis i Futuna,왈리스-푸투나 제도,Wallis a Futuna,ウォリス・フツナ,Wallis en Futuna,Wallis e Futuna
NZ,New Zealand,Nouvelle-Zélande,Neuseeland,Nueva Zelanda,Nuova Zelanda,Uusi-Seelanti,New Zealand,New Zealand,Nya Zeeland,New Zealand,新西兰,Nowa Zelandia,뉴질랜드,Nový Zéland,ニュージーランド,Nieuw-Zeeland,Nova Zelândia
CW,Curaçao,Curaçao,Curaçao,Curazao,Curaçao,Curaçao,Curaçao,Curaçao,Curaçao,Curaçao,库拉索,Curaçao,퀴라소,Curaçao,キュラソー,Curaçao,Curaçau
GH,Ghana,Ghana,Ghana,Ghana,Ghana,Ghana,Ghana,Ghana,Ghana,Ghana,加纳,Ghana,가나,Ghana,ガーナ,Ghana,Gana
CY,Cyprus,Chypre,Zypern,Chipre,Cipro,Kypros,Kypros,Kypros,Cypern,Cypern,塞浦路斯,Cypr,키프로스,Kypr,キプロス,Cyprus,Chipre
ET,Ethiopia,Éthiopie,Äthiopien,Etiopía,Etiopia,Etiopia,Etiopia,Etiopia,Etiopien,Etiopien,埃塞俄比亚,Etiopia,에티오피아,Etiopie,エチオピア,Ethiopië,Etiópia
MO,Macao,R.A.S. chinoise de Macao,Sonderverwaltungsregion Macau,RAE de Macao (China),RAS di Macao,Macao – Kiinan e.h.a.,Macao S.A.R. Kina,Macao S.A.R. Kina,Macao,SAR Macao,中国澳门特别行政区,SRA Makau (Chiny),마카오(중국 특별행정구),Macao – ZAO Číny,中華人民共和国マカオ特別行政区,Macau SAR van China,"Macau, RAE da China"
MH,Marshall Islands,Îles Marshall,Marshallinseln,Islas Marshall,Isole Marshall,Marshallinsaaret,Marshalløyane,Marshalløyene,Marshallöarna,Marshalløerne,马绍尔群岛,Wyspy Marshalla,마셜 제도,Marshallovy ostrovy,マーシャル諸島,Marshalleilanden,Ilhas Marshall
AQ,Antarctica,Antarctique,Antarktis,Antártida,Antartide,Antarktis,Antarktis,Antarktis,Antarktis,Antarktis,南极洲,Antarktyda,남극 대륙,Antarktida,南極,Antarctica,Antártida
SH,"Saint Helena, Ascension and Tristan da Cunha",Sainte-Hélène,St. Helena,Santa Elena,Sant’Elena,Saint Helena,Saint Helena,St. Helena,S:t Helena,St. Helena,圣赫勒拿,Wyspa Świętej Heleny,세인트헬레나,Svatá Helena,セントヘレナ,Sint-Helena,Santa Helena
SJ,Svalbard and Jan Mayen,Svalbard et Jan Mayen,Spitzbergen und Jan Mayen,Svalbard y Jan Mayen,Svalbard e Jan Mayen,Huippuvuoret ja Jan Mayen,Svalbard og Jan Mayen,Svalbard og Jan Mayen,Svalbard och Jan Mayen,Svalbard og Jan Mayen,斯瓦尔巴和扬马延,Svalbard i Jan Mayen,스발바르제도-얀마웬섬,Špicberky a Jan Mayen,スバールバル諸島・ヤンマイエン島,Spitsbergen en Jan Mayen,Svalbard e Jan Mayen
DM,Dominica,Dominique,Dominica,Dominica,Dominica,Dominica,Dominica,Dominica,Dominica,Dominica,多米尼克,Dominika,도미니카,Dominika,ドミニカ国,Dominica,Domínica
US,United States,États-Unis,Vereinigte Staaten,Estados Unidos,Stati Uniti,Yhdysvallat,USA,USA,USA,USA,美国,Stany Zjednoczone,미국,Spojené státy,アメリカ合衆国,Verenigde Staten,Estados Unidos
AR,Argentina,Argentine,Argentinien,Argentina,Argentina,Argentiina,Argentina,Argentina,Argentina,Argentina,阿根廷,Argentyna,아르헨티나,Argentina,アルゼンチン,Argentinië,Argentina
LU,Luxembourg,Luxembourg,Luxemburg,Luxemburgo,Lussemburgo,Luxemburg,Luxembourg,Luxemburg,Luxemburg,Luxembourg,卢森堡,Luksemburg,룩셈부르크,Lucembursko,ルクセンブルク,Luxemburg,Luxemburgo
MQ,Martinique,Martinique,Martinique,Martinica,Martinica,Martinique,Martinique,Martinique,Martinique,Martinique,马提尼克,Martynika,마르티니크,Martinik,マルティニーク,Martinique,Martinica
SC,Seychelles,Seychelles,Seychellen,Seychelles,Seychelles,Seychellit,Seychellane,Seychellene,Seychellerna,Seychellerne,塞舌尔,Seszele,세이셸,Seychely,セーシェル,Seychellen,Seicheles
MC,Monaco,Monaco,Monaco,Mónaco,Monaco,Monaco,Monaco,Monaco,Monaco,Monaco,摩纳哥,Monako,모나코,Monako,モナコ,Monaco,Mónaco
KZ,Kazakhstan,Kazakhstan,Kasachstan,Kazajistán,Kazakistan,Kazakstan,Kasakhstan,Kasakhstan,Kazakstan,Kasakhstan,哈萨克斯坦,Kazachstan,카자흐스탄,Kazachstán,カザフスタン,Kazachstan,Cazaquistão
NP,Nepal,Népal,Nepal,Nepal,Nepal,Nepal,Nepal,Nepal,Nepal,Nepal,尼泊尔,Nepal,네팔,Nepál,ネパール,Nepal,Nepal
BL,Saint Barthélemy,Saint-Barthélemy,St. Barthélemy,San Bartolomé,Saint-Barthélemy,Saint-Barthélemy,Saint Barthélemy,Saint-Barthélemy,S:t Barthélemy,Saint Barthélemy,圣巴泰勒米,Saint-Barthélemy,생바르텔레미,Svatý Bartoloměj,サン・バルテルミー,Saint-Barthélemy,São Bartolomeu
