{
    "$schema": "https://schema.management.azure.com/schemas/2019-04-01/deploymentTemplate.json#",
    "contentVersion": "1.0.0.0",
    "parameters": {
        "recoveryServicesVaultName": {
            "type": "String"
        },
        "resourceLocation": {
            "type": "string"
        }
    },
    "resources": [
        {
            "type": "Microsoft.RecoveryServices/vaults",
            "apiVersion": "2022-09-10",
            "name": "[parameters('recoveryServicesVaultName')]",
            "location": "[parameters('resourceLocation')]",
            "sku": {
                "name": "Standard"
            },
            "properties": {}
        },
        {
            "type": "Microsoft.RecoveryServices/vaults/backupPolicies",
            "apiVersion": "2022-03-01",
            "name": "[concat(parameters('recoveryServicesVaultName'), '/sql-backup-policy')]",
            "dependsOn": [
                "[resourceId('Microsoft.RecoveryServices/vaults', parameters('recoveryServicesVaultName'))]"
            ],
            "properties": {
                "backupManagementType": "AzureWorkload",
                "workLoadType": "SQLDataBase",
                "settings": {
                    "timeZone": "UTC",
                    "issqlcompression": true,
                    "isCompression": true
                },
                "subProtectionPolicy": [
                    {
                        "policyType": "Full",
                        "schedulePolicy": {
                            "schedulePolicyType": "SimpleSchedulePolicy",
                            "scheduleRunFrequency": "Daily",
                            "scheduleRunTimes": [
                                "2023-01-13T21:00:00Z"
                            ],
                            "scheduleWeeklyFrequency": 0
                        },
                        "retentionPolicy": {
                            "retentionPolicyType": "LongTermRetentionPolicy",
                            "dailySchedule": {
                                "retentionTimes": [
                                    "2023-01-13T21:00:00Z"
                                ],
                                "retentionDuration": {
                                    "count": 31,
                                    "durationType": "Days"
                                }
                            },
                            "monthlySchedule": {
                                "retentionScheduleFormatType": "Daily",
                                "retentionScheduleDaily": {
                                    "daysOfTheMonth": [
                                        {
                                            "date": 1,
                                            "isLast": false
                                        }
                                    ]
                                },
                                "retentionTimes": [
                                    "2023-01-13T21:00:00Z"
                                ],
                                "retentionDuration": {
                                    "count": 12,
                                    "durationType": "Months"
                                }
                            },
                            "yearlySchedule": {
                                "retentionScheduleFormatType": "Daily",
                                "monthsOfYear": [
                                    "July"
                                ],
                                "retentionScheduleDaily": {
                                    "daysOfTheMonth": [
                                        {
                                            "date": 1,
                                            "isLast": false
                                        }
                                    ]
                                },
                                "retentionTimes": [
                                    "2023-01-13T21:00:00Z"
                                ],
                                "retentionDuration": {
                                    "count": 2,
                                    "durationType": "Years"
                                }
                            }
                        }
                    },
                    {
                        "policyType": "Log",
                        "schedulePolicy": {
                            "schedulePolicyType": "LogSchedulePolicy",
                            "scheduleFrequencyInMins": 15
                        },
                        "retentionPolicy": {
                            "retentionPolicyType": "SimpleRetentionPolicy",
                            "retentionDuration": {
                                "count": 7,
                                "durationType": "Days"
                            }
                        }
                    }
                ],
                "protectedItemsCount": 0
            }
        },
        {
            "type": "Microsoft.RecoveryServices/vaults/backupPolicies",
            "apiVersion": "2022-03-01",
            "name": "[concat(parameters('recoveryServicesVaultName'), '/vm-backup-policy')]",
            "dependsOn": [
                "[resourceId('Microsoft.RecoveryServices/vaults', parameters('recoveryServicesVaultName'))]"
            ],
            "properties": {
                "backupManagementType": "AzureIaasVM",
                "policyType": "V1",
                "instantRPDetails": {},
                "schedulePolicy": {
                    "schedulePolicyType": "SimpleSchedulePolicy",
                    "scheduleRunFrequency": "Daily",
                    "scheduleRunTimes": [
                        "2023-01-13T02:00:00Z"
                    ],
                    "scheduleWeeklyFrequency": 0
                },
                "retentionPolicy": {
                    "retentionPolicyType": "LongTermRetentionPolicy",
                    "dailySchedule": {
                        "retentionTimes": [
                            "2023-01-13T02:00:00Z"
                        ],
                        "retentionDuration": {
                            "count": 31,
                            "durationType": "Days"
                        }
                    },
                    "monthlySchedule": {
                        "retentionScheduleFormatType": "Daily",
                        "retentionScheduleDaily": {
                            "daysOfTheMonth": [
                                {
                                    "date": 1,
                                    "isLast": false
                                }
                            ]
                        },
                        "retentionTimes": [
                            "2023-01-13T02:00:00Z"
                        ],
                        "retentionDuration": {
                            "count": 12,
                            "durationType": "Months"
                        }
                    },
                    "yearlySchedule": {
                        "retentionScheduleFormatType": "Daily",
                        "monthsOfYear": [
                            "July"
                        ],
                        "retentionScheduleDaily": {
                            "daysOfTheMonth": [
                                {
                                    "date": 1,
                                    "isLast": false
                                }
                            ]
                        },
                        "retentionTimes": [
                            "2023-01-13T02:00:00Z"
                        ],
                        "retentionDuration": {
                            "count": 2,
                            "durationType": "Years"
                        }
                    }
                },
                "instantRpRetentionRangeInDays": 2,
                "timeZone": "UTC",
                "protectedItemsCount": 0
            }
        },
        {
            "type": "Microsoft.RecoveryServices/vaults/replicationAlertSettings",
            "apiVersion": "2022-09-10",
            "name": "[concat(parameters('recoveryServicesVaultName'), '/defaultAlertSetting')]",
            "dependsOn": [
                "[resourceId('Microsoft.RecoveryServices/vaults', parameters('recoveryServicesVaultName'))]"
            ],
            "properties": {
                "sendToOwners": "DoNotSend",
                "customEmailAddresses": []
            }
        },
        {
            "type": "Microsoft.RecoveryServices/vaults/replicationVaultSettings",
            "apiVersion": "2022-09-10",
            "name": "[concat(parameters('recoveryServicesVaultName'), '/default')]",
            "dependsOn": [
                "[resourceId('Microsoft.RecoveryServices/vaults', parameters('recoveryServicesVaultName'))]"
            ],
            "properties": {}
        }
    ]
}